{"cameraMode":{"drawMode":0,"name":"Shaded","section":"Shading Mode"},"sceneLighting":true,"audioPlay":false,"sceneViewState":{"showFog":true,"showMaterialUpdate":false,"showSkybox":true,"showFlares":true,"showImageEffects":true,"showParticleSystems":true},"in2DMode":false,"pivot":{"x":547.1009521484375,"y":402.973388671875,"z":24.48111915588379},"rotation":{"x":0.04648266360163689,"y":0.005994789768010378,"z":-0.00027969881193712354,"w":0.9988994002342224},"size":481.795166015625,"orthographic":true}