{"cameraMode":{"drawMode":0,"name":"Shaded","section":"Shading Mode"},"sceneLighting":false,"audioPlay":false,"sceneViewState":{"showFog":true,"showMaterialUpdate":false,"showSkybox":false,"showFlares":true,"showImageEffects":true,"showParticleSystems":true},"in2DMode":false,"pivot":{"x":15.489999771118164,"y":0.5099999904632568,"z":12.369999885559082},"rotation":{"x":0.21442946791648866,"y":0.32520267367362978,"z":-0.07597330957651138,"w":0.917871356010437},"size":0.8660253882408142,"orthographic":true}